"sample_id","source_file","label","element_html","parent_html","sr_transcript","sr_status_announcement"
"confirmation-message-not-in-a-live-region::sample-0","confirmation-message-not-in-a-live-region.html","inaccessible","<main><div class=""banner banner--success"">Your application has been submitted</div></main>","<body><h1>Apply for a permit</h1><main><div class=""banner banner--success"">Your application has been submitted</div></main></body>","[""main"",""Your application has been submitted"",""end of main""]","[]"
"error-message-not-announced::sample-0","error-message-not-announced.html","inaccessible","<main><p class=""error-message"">There is a problem: enter a valid email address</p></main>","<body><h1>Create an account</h1><main><p class=""error-message"">There is a problem: enter a valid email address</p></main></body>","[""main"",""paragraph"",""There is a problem: enter a valid email address"",""end of paragraph"",""end of main""]","[]"
"live-region-hidden-with-display-none::sample-0","live-region-hidden-with-display-none.html","inaccessible","<div role=""status"" style=""display:none"">Your changes have been saved</div>","<main><div role=""status"" style=""display:none"">Your changes have been saved</div></main>","[""""]","[]"
"loading-indicator-without-progressbar-or-status::sample-0","loading-indicator-without-progressbar-or-status.html","inaccessible","<main><div class=""spinner""><span class=""spinner__icon""></span>Loading, please wait…</div></main>","<body><h1>Generating your report</h1><main><div class=""spinner""><span class=""spinner__icon""></span>Loading, please wait…</div></main></body>","[""main"",""Loading, please wait…"",""end of main""]","[]"
"results-count-updated-without-live-region::sample-0","results-count-updated-without-live-region.html","inaccessible","<main><div class=""results-count"">5 results found for “solar panel”</div></main>","<body><h1>Search the register</h1><main><div class=""results-count"">5 results found for “solar panel”</div></main></body>","[""main"",""5 results found for “solar panel”"",""end of main""]","[]"
"confirmation-message-with-role-status::sample-0","confirmation-message-with-role-status.html","accessible","<div role=""status"" class=""banner banner--success"">Your application has been submitted</div>","<main><div role=""status"" class=""banner banner--success"">Your application has been submitted</div></main>","[""status"",""Your application has been submitted"",""end of status""]","[""polite: Your application has been submitted""]"
"error-message-with-role-alert::sample-0","error-message-with-role-alert.html","accessible","<p role=""alert"" class=""error-message"">There is a problem: enter a valid email address</p>","<main><p role=""alert"" class=""error-message"">There is a problem: enter a valid email address</p></main>","[""alert"",""There is a problem: enter a valid email address"",""end of alert""]","[""assertive: There is a problem: enter a valid email address""]"
"progress-with-progressbar-role::sample-0","progress-with-progressbar-role.html","accessible","<div role=""progressbar"" aria-valuenow=""60"" aria-valuemin=""0"" aria-valuemax=""100"" aria-label=""Report progress"">60% complete</div>","<main><div role=""progressbar"" aria-valuenow=""60"" aria-valuemin=""0"" aria-valuemax=""100"" aria-label=""Report progress"">60% complete</div></main>","[""progressbar, Report progress, max value 100, min value 0, current value 60%"",""60% complete"",""end of progressbar, Report progress, max value 100, min value 0, current value 60%""]","[]"
"results-count-with-aria-live-polite::sample-0","results-count-with-aria-live-polite.html","accessible","<div aria-live=""polite"" class=""results-count"">5 results found for “solar panel”</div>","<main><div aria-live=""polite"" class=""results-count"">5 results found for “solar panel”</div></main>","[""5 results found for “solar panel”""]","[""polite: 5 results found for “solar panel”""]"
